<productinfo xmlns:xsi="http://www.w3.org/2001/XMLSchema-instance" 
    xsi:noNamespaceSchemaLocation="optional">
    <?xml-stylesheet type="text/xsl"href="optional"?>
    <!-- info.xml file for EIDORS -->
    <!-- Version 3.9.1 -->
    <!-- $Id: info.xml 5797 2018-06-01 18:10:05Z aadler $ -->
    
    <!-- Supply the following six elements in the order specified -->
    <!-- (Required) element; matlabrelease content is not currently used -->
    <matlabrelease>2015a</matlabrelease>
    <name>EIDORS</name>
    <type>toolbox</type>
    <icon>../htdocs/doc/matlabicon.gif</icon>
    <!-- (Required if you supply help) relative path to help (HTML) folder -->
    <help_location>../htdocs/doc</help_location>
    <!-- (Required if you supply help) icon used in the Help browser TOC -->
    <!-- <help_contents_icon>$toolbox/matlab/icons/book_mat.gif</help_contents_icon> -->
    
    <!-- - - - - - - - - - - - -  Start menu - - - - - - - - - - - - - - - -->
    <!-- Optional list of entries to display on Start Menu -->
    <!-- Callback items are function calls or commands for toolbox -->
    <!-- Refresh the Start button to see your entries -->
    <!-- Remove this list if you do not want a Start button entry -->
    <list>
         <listitem>
            <!-- The label provides the text for this menu item --> 
            <label>Documentation</label>
            <!-- This callback is a command to open your documentation -->
            <callback>
            doc eidors
            </callback>
             <!-- Menu item icon (a toolbox icon from the help browser ) -->
             <icon>$toolbox/matlab/icons/bookicon.gif</icon>
        </listitem>
        <listitem>
             <!-- Include call to open your Web site, if any -->
           <label>Tutorials</label>
            <callback>web http://eidors3d.sourceforge.net/tutorial/tutorial.shtml -browser</callback>
            <icon>$docroot/techdoc/matlab_env/examples/webicon.gif</icon>
        </listitem>
        <listitem>
             <!-- Include call to open your Web site, if any -->
           <label>EIDORS Web Site</label>
            <callback>web http://eidors3d.sourceforge.net -browser</callback>
            <icon>$docroot/techdoc/matlab_env/examples/webicon.gif</icon>
        </listitem>
        <!-- Add listitems for other features of your toolbox... -->
    </list>
    <!-- - - - - - - - - - - - -  Start menu - - - - - - - - - - - - - - - -->
</productinfo>
